threshold_pct,month,pages,triage_capacity_pages,within_capacity,eia_imputed_hours_evaluated,eia_imputed_hours_missed
25,2025-10,149,30,N,4,0
25,2025-11,142,30,N,2,0
25,2025-12,154,24,N,7,0
25,2026-01,173,30,N,9,0
25,2026-02,166,30,N,6,0
25,2026-03,194,30,N,8,0
25,2026-04,201,30,N,4,0
25,2026-05,226,30,N,33,0
25,2026-06,174,30,N,2,0
25,2026-07,152,26,N,4,0
25,2026-08,138,26,N,9,0
25,2026-09,168,30,N,3,0
50,2025-10,17,30,Y,4,0
50,2025-11,16,30,Y,2,0
50,2025-12,23,24,Y,7,0
50,2026-01,38,30,N,9,0
50,2026-02,48,30,N,6,0
50,2026-03,79,30,N,8,0
50,2026-04,88,30,N,4,0
50,2026-05,106,30,N,33,0
50,2026-06,64,30,N,2,0
50,2026-07,69,26,N,4,0
50,2026-08,42,26,N,9,0
50,2026-09,39,30,N,3,0
75,2025-10,7,30,Y,4,0
75,2025-11,4,30,Y,2,0
75,2025-12,13,24,Y,7,0
75,2026-01,16,30,Y,9,0
75,2026-02,22,30,Y,6,0
75,2026-03,24,30,Y,8,0
75,2026-04,22,30,Y,4,0
75,2026-05,26,30,Y,33,0
75,2026-06,15,30,Y,2,0
75,2026-07,13,26,Y,4,0
75,2026-08,10,26,Y,9,0
75,2026-09,15,30,Y,3,0
100,2025-10,5,30,Y,4,0
100,2025-11,2,30,Y,2,0
100,2025-12,7,24,Y,7,0
100,2026-01,6,30,Y,9,1
100,2026-02,14,30,Y,6,0
100,2026-03,16,30,Y,8,0
100,2026-04,10,30,Y,4,0
100,2026-05,17,30,Y,33,0
100,2026-06,5,30,Y,2,0
100,2026-07,7,26,Y,4,0
100,2026-08,7,26,Y,9,0
100,2026-09,4,30,Y,3,0
150,2025-10,4,30,Y,4,0
150,2025-11,1,30,Y,2,1
150,2025-12,6,24,Y,7,1
150,2026-01,4,30,Y,9,5
150,2026-02,6,30,Y,6,2
150,2026-03,13,30,Y,8,0
150,2026-04,6,30,Y,4,0
150,2026-05,12,30,Y,33,25
150,2026-06,5,30,Y,2,0
150,2026-07,7,26,Y,4,0
150,2026-08,7,26,Y,9,0
150,2026-09,2,30,Y,3,0
