threshold_pct,month,oncall_pages,mon021_v2_pages,mon014_pages,triage_capacity_pages,within_capacity,eia_imputed_hours_evaluated,eia_imputed_hours_missed
25,2025-10,158,149,9,30,N,4,0
25,2025-11,147,142,5,30,N,2,0
25,2025-12,156,154,2,24,N,7,0
25,2026-01,174,173,1,30,N,9,0
25,2026-02,169,166,3,30,N,6,0
25,2026-03,197,194,3,30,N,8,0
25,2026-04,205,201,4,30,N,4,0
25,2026-05,240,226,14,30,N,33,0
25,2026-06,178,174,4,30,N,2,0
25,2026-07,156,152,4,26,N,4,0
25,2026-08,140,138,2,26,N,9,0
25,2026-09,171,168,3,30,N,3,0
50,2025-10,26,17,9,30,Y,4,0
50,2025-11,21,16,5,30,Y,2,0
50,2025-12,25,23,2,24,N,7,0
50,2026-01,39,38,1,30,N,9,0
50,2026-02,51,48,3,30,N,6,0
50,2026-03,82,79,3,30,N,8,0
50,2026-04,92,88,4,30,N,4,0
50,2026-05,120,106,14,30,N,33,0
50,2026-06,68,64,4,30,N,2,0
50,2026-07,73,69,4,26,N,4,0
50,2026-08,44,42,2,26,N,9,0
50,2026-09,42,39,3,30,N,3,0
75,2025-10,16,7,9,30,Y,4,0
75,2025-11,9,4,5,30,Y,2,0
75,2025-12,15,13,2,24,Y,7,0
75,2026-01,17,16,1,30,Y,9,0
75,2026-02,25,22,3,30,Y,6,0
75,2026-03,27,24,3,30,Y,8,0
75,2026-04,26,22,4,30,Y,4,0
75,2026-05,40,26,14,30,N,33,0
75,2026-06,19,15,4,30,Y,2,0
75,2026-07,17,13,4,26,Y,4,0
75,2026-08,12,10,2,26,Y,9,0
75,2026-09,18,15,3,30,Y,3,0
100,2025-10,14,5,9,30,Y,4,0
100,2025-11,7,2,5,30,Y,2,0
100,2025-12,9,7,2,24,Y,7,0
100,2026-01,7,6,1,30,Y,9,1
100,2026-02,17,14,3,30,Y,6,0
100,2026-03,19,16,3,30,Y,8,0
100,2026-04,14,10,4,30,Y,4,0
100,2026-05,31,17,14,30,N,33,0
100,2026-06,9,5,4,30,Y,2,0
100,2026-07,11,7,4,26,Y,4,0
100,2026-08,9,7,2,26,Y,9,0
100,2026-09,7,4,3,30,Y,3,0
150,2025-10,13,4,9,30,Y,4,0
150,2025-11,6,1,5,30,Y,2,1
150,2025-12,8,6,2,24,Y,7,1
150,2026-01,5,4,1,30,Y,9,5
150,2026-02,9,6,3,30,Y,6,2
150,2026-03,16,13,3,30,Y,8,0
150,2026-04,10,6,4,30,Y,4,0
150,2026-05,26,12,14,30,Y,33,25
150,2026-06,9,5,4,30,Y,2,0
150,2026-07,11,7,4,26,Y,4,0
150,2026-08,9,7,2,26,Y,9,0
150,2026-09,5,2,3,30,Y,3,0
