sentinel backfill job export | BF-0712 | status: awaiting data-owner sign-off | source: MON-021 deviation incidents (|reported demand - day-ahead forecast| / forecast > 40% for 24+ consecutive hours, hour-end UTC 2024-09-01 to 2026-06-30, monitored BAs) | regenerated 2026-10-05 from the published EIA-930 BALANCE six-month files
incident_id,ba,first_hour_end_utc,last_hour_end_utc,hours,max_abs_deviation_pct,reported_demand_mwh,forecast_mwh,proposed_change_mwh,eia_imputed_hours,proposed_action
BF-0712-01,CPLW,2024-09-27 11:00,2024-09-30 04:00,66,91.1,5990,27012,21022,0,replace Demand (MW) with Demand Forecast (MW) for every hour
BF-0712-02,IID,2024-10-12 08:00,2024-10-13 07:00,24,108.2,-90,11675,11765,12,replace Demand (MW) with Demand Forecast (MW) for every hour
BF-0712-03,IID,2024-11-03 08:00,2024-11-04 08:00,25,100.0,0,6885,6885,0,replace Demand (MW) with Demand Forecast (MW) for every hour
BF-0712-04,LDWP,2024-11-17 04:00,2024-11-18 07:00,28,83.0,20391,66033,45642,0,replace Demand (MW) with Demand Forecast (MW) for every hour
BF-0712-05,IID,2024-11-22 09:00,2024-11-23 08:00,24,100.0,0,7125,7125,0,replace Demand (MW) with Demand Forecast (MW) for every hour
BF-0712-06,IID,2024-12-20 09:00,2024-12-21 08:00,24,100.0,0,7389,7389,0,replace Demand (MW) with Demand Forecast (MW) for every hour
BF-0712-07,WAUW,2025-02-10 19:00,2025-02-12 23:00,53,78.5,6609,4274,-2335,0,replace Demand (MW) with Demand Forecast (MW) for every hour
BF-0712-08,IID,2025-02-26 09:00,2025-02-27 08:00,24,100.0,0,8585,8585,0,replace Demand (MW) with Demand Forecast (MW) for every hour
BF-0712-09,IID,2025-04-25 08:00,2025-04-26 07:00,24,100.0,0,8120,8120,0,replace Demand (MW) with Demand Forecast (MW) for every hour
BF-0712-10,WAUW,2025-07-01 17:00,2025-07-03 05:00,37,86.8,4941,3095,-1846,0,replace Demand (MW) with Demand Forecast (MW) for every hour
BF-0712-11,IID,2025-07-07 08:00,2025-07-08 07:00,24,100.0,0,16920,16920,0,replace Demand (MW) with Demand Forecast (MW) for every hour
BF-0712-12,NEVP,2025-07-25 08:00,2025-07-26 07:00,24,900.4,133163,16608,-116555,0,replace Demand (MW) with Demand Forecast (MW) for every hour
BF-0712-13,IID,2025-07-27 08:00,2025-07-28 07:00,24,100.0,0,13543,13543,0,replace Demand (MW) with Demand Forecast (MW) for every hour
BF-0712-14,NEVP,2025-09-10 08:00,2025-09-11 07:00,24,762.1,117821,16608,-101213,0,replace Demand (MW) with Demand Forecast (MW) for every hour
BF-0712-15,IID,2025-09-16 08:00,2025-09-17 07:00,24,100.0,0,13827,13827,0,replace Demand (MW) with Demand Forecast (MW) for every hour
BF-0712-16,WAUW,2025-12-17 23:00,2025-12-23 09:00,131,81.3,5480,12671,7191,0,replace Demand (MW) with Demand Forecast (MW) for every hour
BF-0712-17,TIDC,2025-12-29 09:00,2025-12-30 08:00,24,100.0,0,7442,7442,0,replace Demand (MW) with Demand Forecast (MW) for every hour
BF-0712-18,LDWP,2026-01-01 09:00,2026-01-05 08:00,96,95.9,12772,219996,207224,0,replace Demand (MW) with Demand Forecast (MW) for every hour
BF-0712-19,DUK,2026-01-31 17:00,2026-02-01 19:00,27,68.7,528798,344719,-184079,0,replace Demand (MW) with Demand Forecast (MW) for every hour
BF-0712-20,FMPP,2026-02-05 16:00,2026-02-07 10:00,43,66.9,96317,61818,-34499,0,replace Demand (MW) with Demand Forecast (MW) for every hour
BF-0712-21,FMPP,2026-03-01 01:00,2026-03-02 10:00,34,51.3,57029,39089,-17940,0,replace Demand (MW) with Demand Forecast (MW) for every hour
BF-0712-22,FMPP,2026-03-06 20:00,2026-03-07 20:00,25,52.7,52280,35910,-16370,0,replace Demand (MW) with Demand Forecast (MW) for every hour
BF-0712-23,FMPP,2026-03-14 14:00,2026-03-15 21:00,32,68.9,64606,42921,-21685,0,replace Demand (MW) with Demand Forecast (MW) for every hour
BF-0712-24,FMPP,2026-03-20 13:00,2026-03-21 15:00,27,57.2,45353,30962,-14391,0,replace Demand (MW) with Demand Forecast (MW) for every hour
BF-0712-25,WALC,2026-03-20 15:00,2026-03-23 05:00,63,165.3,80600,42975,-37625,0,replace Demand (MW) with Demand Forecast (MW) for every hour
BF-0712-26,FMPP,2026-03-28 18:00,2026-03-31 09:00,64,63.4,124619,82049,-42570,0,replace Demand (MW) with Demand Forecast (MW) for every hour
BF-0712-27,FMPP,2026-04-05 14:00,2026-04-07 08:00,43,57.6,92592,62594,-29998,0,replace Demand (MW) with Demand Forecast (MW) for every hour
BF-0712-28,FMPP,2026-04-07 23:00,2026-04-10 09:00,59,57.7,107308,72466,-34842,0,replace Demand (MW) with Demand Forecast (MW) for every hour
BF-0712-29,SWPP,2026-04-16 06:00,2026-04-17 05:00,24,1827.0,788999,152810,-636189,0,replace Demand (MW) with Demand Forecast (MW) for every hour
BF-0712-30,LDWP,2026-04-18 08:00,2026-04-19 07:00,24,95.9,3590,53065,49475,0,replace Demand (MW) with Demand Forecast (MW) for every hour
BF-0712-31,FMPP,2026-04-22 22:00,2026-04-24 09:00,36,56.1,69061,47387,-21674,0,replace Demand (MW) with Demand Forecast (MW) for every hour
BF-0712-32,SRP,2026-05-04 21:00,2026-05-06 06:00,34,58.4,72160,131789,59629,0,replace Demand (MW) with Demand Forecast (MW) for every hour
BF-0712-33,NEVP,2026-05-09 08:00,2026-05-10 07:00,24,831.6,124434,16608,-107826,0,replace Demand (MW) with Demand Forecast (MW) for every hour
BF-0712-34,IID,2026-05-20 08:00,2026-05-21 07:00,24,110.3,-599,11105,11704,24,replace Demand (MW) with Demand Forecast (MW) for every hour
BF-0712-35,FMPP,2026-05-31 14:00,2026-06-01 16:00,27,63.1,71009,47928,-23081,0,replace Demand (MW) with Demand Forecast (MW) for every hour
BF-0712-36,FMPP,2026-06-13 15:00,2026-06-15 16:00,50,61.7,137237,92640,-44597,0,replace Demand (MW) with Demand Forecast (MW) for every hour
BF-0712-37,NEVP,2026-06-18 08:00,2026-06-19 07:00,24,1121.0,162334,16608,-145726,0,replace Demand (MW) with Demand Forecast (MW) for every hour
BF-0712-38,IID,2026-06-22 08:00,2026-06-23 07:00,24,100.0,0,14270,14270,0,replace Demand (MW) with Demand Forecast (MW) for every hour
