incident_id,ba,first_hour_end_utc,last_hour_end_utc,hours,verdict,category,reason,submitted_change_mwh,applied_change_mwh,demand_med,demand_prior_week_med,forecast_med,forecast_prior_week_med,forecast_distinct,ng_med,ng_prior_week_med,ti_own_med,ti_neighbours_med,ti_prior_week_med,eia_imputed_hours
BF-0712-01,CPLW,2024-09-27 11:00,2024-09-30 04:00,66,leave,real load,"Hurricane Helene outage: demand, generation and neighbour-confirmed interchange fall together, then recover over days",21022,0,86.0,518.5,423.0,518.5,59,66.0,329.0,-22.0,-22.0,-148.0,0
BF-0712-02,IID,2024-10-12 08:00,2024-10-13 07:00,24,backfill,demand error,demand reported at about zero while the BA's own generation and interchange show load being served,11765,11765,-0.5,549.0,456.0,565.0,24,98.0,626.0,467.0,124.5,157.5,12
BF-0712-03,IID,2024-11-03 08:00,2024-11-04 08:00,25,backfill,demand error,"demand, generation and interchange all reported as zero for a full day while neighbours report flows into IID",6885,6885,0.0,324.0,264.0,318.0,21,0.0,498.5,0.0,265.0,255.0,0
BF-0712-04,LDWP,2024-11-17 04:00,2024-11-18 07:00,28,backfill,demand error,"generation reading collapses while interchange (confirmed by neighbours) is unchanged, so demand is understated",45642,45642,730.0,2378.0,2272.5,2456.0,27,324.0,2078.0,-448.5,-448.5,-319.5,0
BF-0712-05,IID,2024-11-22 09:00,2024-11-23 08:00,24,backfill,demand error,"demand, generation and interchange all reported as zero while neighbours report flows into IID",7125,7125,0.0,292.0,301.0,296.0,21,0.0,460.0,0.0,311.5,263.5,0
BF-0712-06,IID,2024-12-20 09:00,2024-12-21 08:00,24,backfill,demand error,"demand, generation and interchange all reported as zero while neighbours report flows into IID",7389,7389,0.0,307.5,314.5,306.0,24,0.0,504.5,0.0,274.5,302.0,0
BF-0712-07,WAUW,2025-02-10 19:00,2025-02-12 23:00,53,leave,forecast error,demand in line with its prior week and neighbour-confirmed; the day-ahead forecast is the outlier,-2335,0,124.0,118.0,82.0,99.0,22,63.0,63.0,-62.0,-62.0,-54.0,0
BF-0712-08,IID,2025-02-26 09:00,2025-02-27 08:00,24,backfill,demand error,"demand, generation and interchange all reported as zero while neighbours report flows into IID",8585,8585,0.0,302.0,339.5,308.0,24,0.0,592.0,0.0,271.0,296.0,0
BF-0712-09,IID,2025-04-25 08:00,2025-04-26 07:00,24,backfill,demand error,"demand, generation and interchange all reported as zero while neighbours report flows into IID",8120,8120,0.0,331.5,332.5,332.0,24,0.0,734.5,0.0,399.5,387.0,0
BF-0712-10,WAUW,2025-07-01 17:00,2025-07-03 05:00,37,leave,real load,"demand above its prior week with neighbour-confirmed extra imports; consistent load, forecast too low",-1846,0,137.0,100.0,87.0,103.0,22,54.0,54.0,-82.0,-83.0,-45.5,0
BF-0712-11,IID,2025-07-07 08:00,2025-07-08 07:00,24,backfill,demand error,demand reported as zero while generation and interchange stay at normal levels,16920,16920,0.0,640.0,694.0,628.5,24,914.0,915.0,217.5,217.5,235.5,0
BF-0712-12,NEVP,2025-07-25 08:00,2025-07-26 07:00,24,leave,forecast error,forecast stuck at 692 MW for the whole day; demand in line with its prior week,-116555,0,5527.5,6015.5,692.0,5464.0,1,4753.0,4788.0,-589.0,-589.0,-920.0,0
BF-0712-13,IID,2025-07-27 08:00,2025-07-28 07:00,24,backfill,demand error,"demand, generation and interchange all reported as zero while neighbours report flows into IID",13543,13543,0.0,567.5,550.0,577.5,23,0.0,875.0,0.0,272.5,292.0,0
BF-0712-14,NEVP,2025-09-10 08:00,2025-09-11 07:00,24,leave,forecast error,forecast stuck at 692 MW for the whole day; demand in line with its prior week,-101213,0,4872.5,5452.0,692.0,5232.5,1,4381.5,5010.0,-516.5,-516.5,-416.0,0
BF-0712-15,IID,2025-09-16 08:00,2025-09-17 07:00,24,backfill,demand error,demand and generation reported as zero while interchange shows normal imports,13827,13827,0.0,491.0,561.0,521.5,24,0.0,769.0,244.5,244.5,297.5,0
BF-0712-16,WAUW,2025-12-17 23:00,2025-12-23 09:00,131,backfill,demand error,"generation reading drops to about 2 MW while interchange is unchanged, so demand is understated",7191,7191,43.0,101.5,97.0,98.0,31,2.0,41.0,-40.0,-40.0,-61.0,0
BF-0712-17,TIDC,2025-12-29 09:00,2025-12-30 08:00,24,backfill,demand error,demand reported as zero while generation and interchange stay at normal levels,7442,7442,0.0,268.0,323.0,275.0,20,250.0,227.0,-63.5,-64.5,-27.5,0
BF-0712-18,LDWP,2026-01-01 09:00,2026-01-05 08:00,96,backfill,demand error,"interchange reported as exactly zero for four days while neighbours report about 1,100 MW of imports; generation also collapses",207224,207224,132.5,2705.5,2299.0,2369.5,91,132.5,1821.0,0.0,-1103.5,-933.0,0
BF-0712-19,DUK,2026-01-31 17:00,2026-02-01 19:00,27,leave,real load,cold-weather demand above its prior week with generation up and neighbour-confirmed interchange; forecast too low,-184079,0,19833.0,16916.5,12680.0,13315.0,27,20209.0,16330.5,601.0,630.0,-423.5,0
BF-0712-20,FMPP,2026-02-05 16:00,2026-02-07 10:00,43,leave,forecast error,demand in line with its prior week and neighbour-confirmed; forecast running about 30% low,-34499,0,2179.0,2229.5,1403.0,1980.0,39,2230.0,2163.0,26.0,18.0,-73.0,0
BF-0712-21,FMPP,2026-03-01 01:00,2026-03-02 10:00,34,leave,forecast error,demand in line with its prior week and neighbour-confirmed; forecast running about 30% low,-17940,0,1693.0,1936.5,1156.5,1384.5,34,1507.5,1695.0,-103.5,-108.0,-136.0,0
BF-0712-22,FMPP,2026-03-06 20:00,2026-03-07 20:00,25,leave,forecast error,demand in line with its prior week and neighbour-confirmed; forecast running about 30% low,-16370,0,2129.0,1904.0,1466.0,1317.0,24,1833.0,1669.0,-296.0,-304.0,-185.5,0
BF-0712-23,FMPP,2026-03-14 14:00,2026-03-15 21:00,32,leave,forecast error,demand in line with its prior week and neighbour-confirmed; forecast running about 30% low,-21685,0,2122.5,2087.5,1391.0,1437.0,32,1902.0,1817.5,-180.0,-187.0,-260.5,0
BF-0712-24,FMPP,2026-03-20 13:00,2026-03-21 15:00,27,leave,forecast error,demand in line with its prior week and neighbour-confirmed; forecast running about 30% low,-14391,0,1769.0,1826.5,1204.0,1320.5,27,1490.0,1678.5,-133.0,-141.0,-109.0,0
BF-0712-25,WALC,2026-03-20 15:00,2026-03-23 05:00,63,leave,real load,demand above its prior week with neighbour-confirmed extra imports and steady generation; forecast too low,-37625,0,1205.0,879.5,659.0,785.5,57,777.0,799.0,-422.0,-420.0,-200.0,0
BF-0712-26,FMPP,2026-03-28 18:00,2026-03-31 09:00,64,leave,forecast error,demand in line with its prior week and neighbour-confirmed; forecast running about 30% low,-42570,0,2002.5,1905.0,1293.5,1315.0,64,1860.5,1746.0,-78.5,-81.0,-91.0,0
BF-0712-27,FMPP,2026-04-05 14:00,2026-04-07 08:00,43,leave,forecast error,demand in line with its prior week and neighbour-confirmed; forecast running about 30% low,-29998,0,2191.0,2043.5,1500.0,1381.5,43,2110.0,1851.0,-117.0,-126.0,-111.0,0
BF-0712-28,FMPP,2026-04-07 23:00,2026-04-10 09:00,59,leave,forecast error,demand in line with its prior week and neighbour-confirmed; forecast running about 30% low,-34842,0,1906.0,2033.5,1283.0,1414.0,58,1838.0,1928.0,-74.0,-79.0,-81.0,0
BF-0712-29,SWPP,2026-04-16 06:00,2026-04-17 05:00,24,leave,forecast error,"forecast collapses to a few thousand MW for a day; demand, generation and interchange normal",-636189,0,32988.0,32077.0,5319.5,34913.5,24,32484.0,31979.5,273.5,464.0,533.0,0
BF-0712-30,LDWP,2026-04-18 08:00,2026-04-19 07:00,24,backfill,demand error,interchange reported as exactly zero while neighbours report about 430 MW of imports; generation also collapses,49475,49475,160.5,2788.0,2121.5,2316.0,23,160.5,1668.5,0.0,-433.0,-1065.5,0
BF-0712-31,FMPP,2026-04-22 22:00,2026-04-24 09:00,36,leave,forecast error,demand in line with its prior week and neighbour-confirmed; forecast running about 30% low,-21674,0,1954.0,2009.0,1296.0,1404.5,36,1742.5,1830.0,-118.5,-125.5,-114.0,0
BF-0712-32,SRP,2026-05-04 21:00,2026-05-06 06:00,34,backfill,demand error,"own interchange shows exports about 1,600 MW above what neighbours report, so demand is understated",59629,59629,2217.5,3236.5,3941.5,3867.5,34,5102.0,5034.0,3183.0,1595.5,1918.5,0
BF-0712-33,NEVP,2026-05-09 08:00,2026-05-10 07:00,24,leave,forecast error,forecast stuck at 692 MW for the whole day; demand in line with its prior week,-107826,0,5154.0,4364.5,692.0,3756.5,1,4519.0,4160.5,-890.5,-887.5,-548.0,0
BF-0712-34,IID,2026-05-20 08:00,2026-05-21 07:00,24,backfill,demand error,demand reported negative or zero with generation at zero while neighbours report flows into IID,11704,11704,-24.0,417.0,442.0,442.0,23,0.0,715.5,7.5,293.0,307.5,24
BF-0712-35,FMPP,2026-05-31 14:00,2026-06-01 16:00,27,leave,forecast error,demand in line with its prior week and neighbour-confirmed; forecast running about 30% low,-23081,0,2790.0,2602.0,1834.0,1838.0,27,2733.0,2637.5,3.0,8.0,18.0,0
BF-0712-36,FMPP,2026-06-13 15:00,2026-06-15 16:00,50,leave,forecast error,demand in line with its prior week and neighbour-confirmed; forecast running about 30% low,-44597,0,2795.5,2515.0,1898.5,1794.5,49,2709.0,2452.0,-87.5,-106.0,-48.0,0
BF-0712-37,NEVP,2026-06-18 08:00,2026-06-19 07:00,24,leave,forecast error,forecast stuck at 692 MW for the whole day; demand in line with its prior week,-145726,0,6864.0,6536.5,692.0,5908.0,1,5997.5,5851.5,-931.0,-863.0,-773.5,0
BF-0712-38,IID,2026-06-22 08:00,2026-06-23 07:00,24,backfill,demand error,demand reported as zero while generation and interchange stay at normal levels,14270,14270,0.0,587.5,586.0,583.5,24,865.5,873.5,343.0,343.0,282.5,0
