Sentinel alert summary | Q3 2026 (reporting days 2026-07-01 to 2026-09-30) | exported 2026-10-06 from sentinel-alerting | scenario export authored for this exercise, computed from the EIA-930 BALANCE file
ba,monitor_id,alert_hours,alerts_opened
AVA,MON-009,0,0
AVA,MON-014,0,0
AVA,MON-021,0,0
AZPS,MON-009,0,0
AZPS,MON-014,0,0
AZPS,MON-021,84,36
BANC,MON-009,0,0
BANC,MON-014,1,1
BANC,MON-021,25,24
BHBA,MON-009,0,0
BHBA,MON-014,0,0
BHBA,MON-021,6,2
BPAT,MON-009,0,0
BPAT,MON-014,0,0
BPAT,MON-021,1,1
CHPD,MON-009,0,0
CHPD,MON-014,0,0
CHPD,MON-021,0,0
CISO,MON-009,0,0
CISO,MON-014,0,0
CISO,MON-021,457,92
DOPD,MON-009,0,0
DOPD,MON-014,0,0
DOPD,MON-021,0,0
EPE,MON-009,24,1
EPE,MON-014,0,0
EPE,MON-021,8,3
GCPD,MON-009,0,0
GCPD,MON-014,0,0
GCPD,MON-021,0,0
IID,MON-009,0,0
IID,MON-014,0,0
IID,MON-021,6,2
IPCO,MON-009,0,0
IPCO,MON-014,0,0
IPCO,MON-021,3,1
LDWP,MON-009,0,0
LDWP,MON-014,0,0
LDWP,MON-021,90,25
NEVP,MON-009,0,0
NEVP,MON-014,2,2
NEVP,MON-021,227,69
NWMT,MON-009,0,0
NWMT,MON-014,0,0
NWMT,MON-021,3,3
PACE,MON-009,0,0
PACE,MON-014,0,0
PACE,MON-021,50,22
PACW,MON-009,0,0
PACW,MON-014,0,0
PACW,MON-021,2,1
PGE,MON-009,0,0
PGE,MON-014,0,0
PGE,MON-021,0,0
PNM,MON-009,0,0
PNM,MON-014,0,0
PNM,MON-021,2,2
PSCO,MON-009,0,0
PSCO,MON-014,0,0
PSCO,MON-021,2029,51
PSEI,MON-009,0,0
PSEI,MON-014,0,0
PSEI,MON-021,2023,46
SCL,MON-009,0,0
SCL,MON-014,0,0
SCL,MON-021,0,0
SRP,MON-009,0,0
SRP,MON-014,0,0
SRP,MON-021,258,70
SWPW,MON-009,0,0
SWPW,MON-014,0,0
SWPW,MON-021,241,33
TEPC,MON-009,0,0
TEPC,MON-014,0,0
TEPC,MON-021,10,8
TIDC,MON-009,0,0
TIDC,MON-014,10,1
TIDC,MON-021,15,2
TPWR,MON-009,0,0
TPWR,MON-014,0,0
TPWR,MON-021,0,0
WALC,MON-009,0,0
WALC,MON-014,6,6
WALC,MON-021,536,207
