ba,q3_forecast_error_pct,jul_2026_pct,aug_2026_pct,sep_2026_pct,q3_rank,forecast_watch,formal_letter
PSCO,26.9,29.3,26.1,24.9,1,Y,Y
WALC,22.0,12.8,30.4,23.4,2,Y,N
SWPW,10.0,3.3,15.6,15.1,3,Y,N
SRP,9.2,6.9,9.2,12.0,4,Y,N
LDWP,8.6,7.8,7.5,12.8,5,Y,N
CISO,8.4,8.3,8.4,8.5,6,N,N
PACE,8.2,8.0,9.0,7.6,7,N,N
NEVP,7.8,7.5,7.8,8.1,8,N,N
AZPS,7.5,6.5,6.9,9.2,9,N,N
BHBA,5.8,4.0,6.0,7.8,10,N,N
PNM,5.6,7.1,4.4,5.3,11,N,N
BANC,5.0,9.1,2.6,2.9,12,N,N
TIDC,4.0,3.8,3.0,5.4,13,N,N
GCPD,3.9,4.1,3.9,3.6,14,N,N
IID,3.7,3.5,3.3,4.6,15,N,N
EPE,3.5,3.7,3.3,3.7,16,N,N
DOPD,3.3,3.1,3.5,3.3,17,N,N
IPCO,3.3,3.0,2.9,4.2,18,N,N
SCL,2.9,3.5,2.8,2.5,19,N,N
NWMT,2.4,3.0,2.0,2.1,20,N,N
CHPD,2.4,2.5,2.8,1.8,21,N,N
PACW,2.3,2.2,2.3,2.5,22,N,N
TPWR,2.1,2.3,2.4,1.7,23,N,N
PGE,1.7,1.7,1.7,1.8,24,N,N
BPAT,1.6,1.7,1.7,1.4,25,N,N
