file,format,rows,size_mb,source,pulled,license,nature,analytical_role,sha256
EIA930_BALANCE_2025_Jul_Dec.csv,CSV,267218,48.26,"U.S. Energy Information Administration, Form EIA-930 Hourly Electric Grid Monitor, six-month BALANCE file (www.eia.gov/electricity/gridmonitor)",2026-10-06,Public domain (U.S. Government work; EIA copyright and reuse policy),"Real, unmodified","Replay data, Oct-Dec 2025",1146158b972439db
EIA930_BALANCE_2026_Jan_Jun.csv,CSV,260590,47.11,Same as above,2026-10-06,Public domain (U.S. Government work),"Real, unmodified","Replay data, Jan-Jun 2026",1b3eaf7b0af08393
EIA930_BALANCE_2026_Jul_Dec.csv,CSV,139512,25.37,"Same as above (live file, data through 5 Oct 2026 at pull time)",2026-10-06,Public domain (U.S. Government work),"Real, unmodified","Replay data, Jul-Sep 2026; Oct 2026 rows fall outside the window",aff91a9f42646301
About_the_EIA-930_data.pdf,PDF,,0.36,"EIA, 'About the EIA-930 data' page content (www.eia.gov/electricity/930-content/about.html), printed to PDF with headless Chromium, no added headers/footers",2026-10-06,Public domain (U.S. Government work),"Real content, format conversion only","Defines generation-only BAs, imputation rules, and the 8 BAs whose actual-vs-forecast comparison is not meaningful",91c61db4afa17a34
Form_EIA-930_Instructions.pdf,PDF,,1.59,"EIA, Form EIA-930 instructions (www.eia.gov/survey/form/eia_930/instructions.pdf)",2026-10-06,Public domain (U.S. Government work),"Real, unmodified","Defines demand forecast, anomaly suppression (blanks), DST reporting",321ee0a8d93b15ca
EIA930_Reference_Tables.xlsx,XLSX,,0.05,"EIA, EIA-930 data reference tables (www.eia.gov/electricity/930-content/EIA930_Reference_Tables.xlsx)",2026-10-06,Public domain (U.S. Government work),"Real, unmodified","BA roster: generation-only flag, active/retired, activation dates (SWPW 1 Apr 2026; WACM/WAUW retired)",23f22e5ccc168e57
sentinel_monitors_export.json,JSON,,0.0,Authored by task author as scenario configuration (fictional alerting system export),2026-10-06,Task author's own work,Authored scenario document; says so in export.record_note,"MON-021 v2 definition: metric, evaluable hours, candidate thresholds, scope, paging dedupe",dea172f2f2dbb745
CHG-2291.json,JSON,,0.0,Authored by task author as scenario ticket (fictional ticketing export),2026-10-06,Task author's own work,Authored scenario document; says so in export_meta.record_note,Acceptance criteria AC1-AC4 (decision rule),4da853e7d5e70064
oncall_rota_2025-10_to_2026-09.csv,CSV,12,0.0,Authored by task author as scenario data (fictional rota export),2026-10-06,Task author's own work,Authored scenario data; title row says so,"Monthly triage capacity (24 Dec, 26 Jul/Aug, 30 otherwise)",68099a194518fc1c
MON-021_v1_page_history.csv,CSV,4424,0.33,"Derived by task author: replay of the MON-021 v1 rule (20%, all BAs) over the three EIA BALANCE files above (solution/make_v1_history.py)",2026-10-06,Derived from public-domain EIA data,Derived file; title row states how it was produced,v1 page volume for comparison; pages from the 8 out-of-scope BAs,63b32aa054e71c75
